{
    "fichas": 7.9314811112524755,
    "movilidad": 81.61081582077972,
    "esquinas": 234.45108992608013,
    "adyacentes": -21.835798056309486,
    "estabilidad": 25.010768334308448,
    "posicional": 24.847715059576434
}