{
    "fichas": 6.782491633059477,
    "movilidad": 26.600594985839795,
    "esquinas": 288.5671616161921,
    "adyacentes": -63.36972630170433,
    "estabilidad": 17.921513283303117,
    "posicional": 20.485227505402186
}