{
    "generations": [
        1,
        2,
        3,
        4,
        5,
        6,
        7,
        8,
        9,
        10,
        11,
        12,
        13,
        14,
        15
    ],
    "best_fitness": [
        1016.8497426075538,
        1039.7553756924347,
        1066.2026463146549,
        1050.4409531049337,
        1076.1687444158945,
        1078.6687444158945,
        1078.8262323161684,
        1100.555333948901,
        1235.055333948901,
        1222.555333948901,
        1238.5764686276484,
        1241.066169215126,
        1240.0509247928574,
        1247.5509247928574,
        1237.0447684963406
    ],
    "avg_fitness": [
        780.3513416216638,
        874.485554129041,
        944.1886057118938,
        921.668200089881,
        970.9643835048096,
        997.7479206777284,
        997.9402772370066,
        969.2226721457338,
        984.4840682536694,
        1010.7663991664945,
        1056.0192756361412,
        1045.6835813201442,
        1042.1265878472855,
        1095.6973055574872,
        1076.4623749641169
    ]
}