{
    "generations": [
        1,
        2,
        3,
        4,
        5,
        6,
        7,
        8,
        9,
        10
    ],
    "best_fitness": [
        1240.6633373024185,
        1243.6633373024185,
        1251.6429913924078,
        1249.788002288491,
        1253.8475962324007,
        1242.6599295674619,
        1249.7158881097203,
        1256.677718909808,
        1242.668491091847,
        1251.668491091847
    ],
    "avg_fitness": [
        620.6301484586253,
        1025.8427740503291,
        1091.7769049979363,
        1046.4627553302241,
        1075.8254402197751,
        1113.777501802958,
        1155.208004458458,
        1170.515609572992,
        1164.1588886234279,
        1121.564072638849
    ]
}